{"cameraMode":{"drawMode":0,"name":"Shaded","section":"Shading Mode"},"sceneLighting":true,"audioPlay":false,"sceneViewState":{"showFog":false,"showMaterialUpdate":false,"showSkybox":false,"showFlares":false,"showImageEffects":false,"showParticleSystems":false,"showVisualEffectGraphs":true,"m_FxEnabled":true},"in2DMode":false,"pivot":{"x":0.8279106020927429,"y":1.7567745447158814,"z":-2.8162341117858888},"rotation":{"x":0.32553625106811526,"y":0.036068450659513476,"z":-0.012365075759589672,"w":0.9448076486587524},"size":0.9679183959960938,"orthographic":false}