{"cameraMode":{"drawMode":0,"name":"Shaded","section":"Shading Mode"},"sceneLighting":true,"audioPlay":false,"sceneViewState":{"showFog":false,"showMaterialUpdate":false,"showSkybox":false,"showFlares":false,"showImageEffects":false,"showParticleSystems":false,"showVisualEffectGraphs":true,"m_FxEnabled":true},"in2DMode":false,"pivot":{"x":0.25305595993995669,"y":1.6318434476852418,"z":2.712947130203247},"rotation":{"x":0.05646554380655289,"y":0.9363146424293518,"z":-0.29766836762428286,"w":0.17763343453407288},"size":0.31676727533340456,"orthographic":false}